City_ID,City,Country,Lat,Lng,Max Temp,Humidity,Cloudiness,Wind Speed,Current Description
0,Victoria,HK,22.2855,114.1577,87.33,83,10,13.0,clear sky
1,Podgornoye,RU,51.735,39.1496,84.42,32,0,6.71,clear sky
2,Kaeng Khoi,TH,14.5862,100.9976,82.98,89,100,6.44,heavy intensity rain
3,Karasuk,RU,53.7377,78.0403,71.55,60,84,9.51,broken clouds
4,Rikitea,PF,-23.1203,-134.9692,74.7,78,100,14.2,light rain
5,Saint-Philippe,RE,-21.3585,55.7679,69.39,77,31,15.57,scattered clouds
6,Clyde River,CA,70.4692,-68.5914,43.03,75,20,4.61,few clouds
7,Kure,JP,34.2333,132.5667,80.53,90,99,1.63,overcast clouds
8,Codrington,AU,-38.2667,141.9667,43.5,92,1,7.25,clear sky
9,Daoukro,CI,7.0591,-3.9631,75.02,97,100,5.46,moderate rain
10,Fairbanks,US,64.8378,-147.7164,70.21,70,0,0.0,smoke
11,Busselton,AU,-33.65,115.3333,57.16,67,81,25.52,broken clouds
12,Mataura,NZ,-46.1927,168.8643,38.48,92,33,1.9,scattered clouds
13,Dikson,RU,73.5069,80.5464,32.72,91,18,8.93,few clouds
14,Haines Junction,CA,60.7522,-137.5108,51.75,82,100,1.14,overcast clouds
15,Saint George,US,37.1041,-113.5841,90.43,19,0,3.44,clear sky
16,Geraldton,AU,-28.7667,114.6,63.01,94,75,17.27,broken clouds
17,Tuatapere,NZ,-46.1333,167.6833,34.54,84,15,3.56,few clouds
18,Jalu,LY,29.0331,21.5482,100.31,23,0,24.9,clear sky
19,Kapaa,US,22.0752,-159.319,76.98,92,75,14.97,broken clouds
20,Ribeira Grande,PT,38.5167,-28.7,72.0,64,40,16.11,scattered clouds
21,Hermanus,ZA,-34.4187,19.2345,61.81,68,39,17.13,scattered clouds
22,Bredasdorp,ZA,-34.5322,20.0403,64.74,55,17,5.28,few clouds
23,Albany,US,42.6001,-73.9662,74.68,50,1,5.26,clear sky
24,San Patricio,US,28.017,-97.5169,89.49,58,10,7.05,clear sky
25,Bluff,NZ,-46.6,168.3333,38.8,66,76,5.86,broken clouds
26,Lerwick,GB,60.1545,-1.1494,53.6,76,98,14.16,overcast clouds
27,Cairns,AU,-16.9167,145.7667,69.75,81,100,10.36,overcast clouds
28,Vostok,RU,46.4856,135.8833,60.76,93,89,4.03,overcast clouds
29,Kuito,AO,-12.3833,16.9333,73.54,78,0,0.0,clear sky
30,Los Llanos De Aridane,ES,28.6585,-17.9182,73.15,73,0,23.02,clear sky
31,Butaritari,KI,3.0707,172.7902,80.98,80,26,14.25,light rain
32,Paamiut,GL,61.994,-49.6678,39.15,94,100,8.5,overcast clouds
33,Salalah,OM,17.0151,54.0924,77.09,100,100,10.36,light intensity drizzle
34,Hilo,US,19.7297,-155.09,81.28,89,75,10.36,broken clouds
35,Grushevskaya,RU,47.4406,39.9511,94.08,21,20,15.66,few clouds
36,New Norfolk,AU,-42.7826,147.0587,45.9,79,80,0.85,broken clouds
37,Robertson,US,36.5167,-86.8667,78.67,88,100,4.61,overcast clouds
38,Ilulissat,GL,69.2167,-51.1,51.82,54,20,5.75,few clouds
39,Sao Miguel Do Tapuio,BR,-5.5036,-41.3233,90.93,26,51,10.76,broken clouds
40,Sarh,TD,9.1429,18.3923,89.51,62,20,8.05,few clouds
41,Jaru,BR,-10.4389,-62.4664,91.06,38,1,3.98,clear sky
42,Russell,US,32.3502,-85.1999,87.08,67,100,5.48,overcast clouds
43,Guerrero Negro,MX,27.9769,-114.0611,70.03,76,54,12.39,broken clouds
44,Aginskoye,RU,51.1,114.53,57.13,89,100,3.71,overcast clouds
45,Puerto Ayora,EC,-0.7393,-90.3518,73.36,97,92,4.0,overcast clouds
46,Hammerfest,NO,70.6634,23.6821,57.65,67,98,12.66,overcast clouds
47,Bambanglipuro,ID,-7.95,110.2833,75.15,85,12,9.86,few clouds
48,Carnarvon,AU,-24.8667,113.6333,70.88,65,1,9.93,clear sky
49,Vaini,TO,-21.2,-175.2,74.32,78,11,20.33,few clouds
50,Qaanaaq,GL,77.484,-69.3632,41.13,81,100,1.5,overcast clouds
51,Pangnirtung,CA,66.1451,-65.7125,46.4,87,75,16.11,broken clouds
52,Dagana,MR,16.5165,-15.5068,94.53,40,100,12.48,overcast clouds
53,Tasiilaq,GL,65.6145,-37.6368,48.36,83,100,6.33,overcast clouds
54,Cape Town,ZA,-33.9258,18.4232,61.12,85,75,18.41,moderate rain
55,Mar Del Plata,AR,-38.0023,-57.5575,53.94,87,100,8.05,overcast clouds
56,Keelung,TW,25.1283,121.7419,86.95,85,99,1.43,overcast clouds
57,Leningradskiy,RU,69.3833,178.4167,52.25,84,100,2.86,light rain
58,Hobart,AU,-42.8794,147.3294,46.26,89,100,8.05,overcast clouds
59,Lakeway,US,30.3638,-97.9796,93.47,51,0,6.91,clear sky
60,Antalaha,MG,-14.9003,50.2788,69.49,80,4,13.62,light rain
61,Rawson,AR,-43.3002,-65.1023,58.19,28,18,16.11,few clouds
62,Wanning,CN,18.8003,110.3967,80.56,87,89,3.06,overcast clouds
63,Hirara,JP,24.8,125.2833,84.16,80,100,13.69,overcast clouds
64,Khatanga,RU,71.9667,102.5,45.75,93,100,4.79,overcast clouds
65,Dingle,PH,10.9995,122.6711,76.95,90,100,4.61,overcast clouds
66,Talnakh,RU,69.4865,88.3972,54.21,95,100,3.33,light rain
67,Lebu,CL,-37.6167,-73.65,49.51,94,100,12.24,moderate rain
68,Hassleholm,SE,56.1591,13.7664,65.35,46,18,15.73,few clouds
69,Amapa,BR,1.0,-52.0,80.83,77,44,5.64,scattered clouds
70,Denia,ES,38.8408,0.1057,87.39,53,0,10.0,clear sky
71,Flin Flon,CA,54.7682,-101.865,67.84,94,100,5.75,overcast clouds
72,Ailigandi,PA,9.2333,-78.0167,84.47,73,61,2.71,broken clouds
73,Luanda,AO,-8.8368,13.2343,75.2,73,20,14.97,few clouds
74,Thompson,CA,55.7435,-97.8558,68.16,64,100,4.61,overcast clouds
75,Chuy,UY,-33.6971,-53.4616,58.69,94,100,12.75,overcast clouds
76,Port Hardy,CA,50.6996,-127.4199,57.38,94,100,3.44,light rain
77,Berlevag,NO,70.8578,29.0864,55.4,82,75,13.8,broken clouds
78,Domoni,KM,-12.2569,44.5319,75.56,71,67,9.01,broken clouds
79,Avarua,CK,-21.2078,-159.775,69.85,78,75,3.44,light rain
80,Kavaratti,IN,10.5669,72.642,81.32,82,100,19.82,overcast clouds
81,Iskateley,RU,67.6803,53.1512,64.96,52,58,15.32,broken clouds
82,Gondanglegi,ID,-7.7479,112.0132,72.72,86,17,10.94,few clouds
83,Torbay,CA,47.6666,-52.7314,69.28,76,75,10.36,broken clouds
84,Port-Cartier,CA,50.0334,-66.8654,61.75,51,64,14.92,broken clouds
85,Punta Arenas,CL,-53.15,-70.9167,32.11,64,20,12.66,few clouds
86,Provideniya,RU,64.3833,-173.3,47.79,96,100,5.95,overcast clouds
87,Narsaq,GL,60.9167,-46.05,55.62,78,100,3.85,overcast clouds
88,Ushuaia,AR,-54.8,-68.3,28.06,86,100,18.41,light snow
89,Amlame,TG,7.4667,0.9,74.97,91,100,5.66,moderate rain
90,Myre,NO,69.1036,15.9492,57.02,79,100,4.32,overcast clouds
91,Kirakira,SB,-10.4544,161.9205,78.64,82,13,6.15,few clouds
92,Jaca,ES,42.569,-0.5499,93.02,33,0,4.59,clear sky
93,Olafsvik,IS,64.8945,-23.7142,51.13,93,100,21.3,overcast clouds
94,Praia Da Vitoria,PT,38.7333,-27.0667,74.75,78,20,9.08,few clouds
95,Jamestown,US,42.097,-79.2353,75.94,61,40,9.22,scattered clouds
96,Sheridan,US,44.8333,-106.9173,74.7,60,0,5.75,clear sky
97,Okha,RU,53.5739,142.9478,63.05,80,1,11.63,clear sky
98,Quelimane,MZ,-17.8786,36.8883,75.15,69,20,6.91,few clouds
99,Dourbali,TD,11.8091,15.8632,87.28,43,98,5.28,overcast clouds
100,Bonfim,BR,3.0833,-59.95,84.47,67,42,4.74,scattered clouds
101,Port Elizabeth,ZA,-33.918,25.5701,79.11,26,0,11.5,clear sky
102,Cabo San Lucas,MX,22.8909,-109.9124,90.18,60,40,6.91,scattered clouds
103,Oktyabrskoye,RU,43.0645,44.7417,75.34,73,75,6.71,broken clouds
104,Yumen,CN,40.2833,97.2,82.89,12,0,7.38,clear sky
105,Kariapatti,IN,9.6751,78.0999,86.52,54,75,12.66,moderate rain
106,Skjervoy,NO,70.0311,20.9714,57.2,78,98,6.15,overcast clouds
107,Eston,CA,51.1501,-108.7514,73.92,52,6,12.46,clear sky
108,Rio Gallegos,AR,-51.6226,-69.2181,30.25,80,0,13.8,clear sky
109,Atuona,PF,-9.8,-139.0333,76.62,82,25,19.86,scattered clouds
110,Kokoda,PG,-8.8785,147.7407,73.83,96,98,0.38,overcast clouds
111,Barrow,US,71.2906,-156.7887,42.82,87,0,13.8,clear sky
112,Iqaluit,CA,63.7506,-68.5145,38.93,86,20,5.75,few clouds
113,Cidreira,BR,-30.1811,-50.2056,64.94,81,100,14.27,light rain
114,Katsuura,JP,35.1333,140.3,75.58,91,100,16.73,overcast clouds
115,Kolokani,ML,13.5728,-8.0339,96.87,33,98,5.61,overcast clouds
116,Correntina,BR,-13.3433,-44.6367,83.53,27,0,10.22,clear sky
117,Kiunga,PG,-6.1219,141.2906,72.21,99,73,2.24,broken clouds
118,Masuri,KR,35.8488,128.1492,78.35,85,43,2.04,scattered clouds
119,Miyako,JP,39.6367,141.9525,68.25,95,91,8.97,overcast clouds
120,Hithadhoo,MV,-0.6,73.0833,82.65,75,26,6.38,scattered clouds
121,Luderitz,NA,-26.6481,15.1594,59.04,81,63,16.11,broken clouds
122,Chapais,CA,49.7834,-74.8492,56.98,43,13,6.82,few clouds
123,Dosso,NE,13.049,3.1937,98.13,32,56,10.2,broken clouds
124,Pisco,PE,-13.7,-76.2167,63.01,82,100,4.61,mist
125,Ponta Do Sol,PT,32.6667,-17.1,75.83,56,4,3.62,clear sky
126,Kirksville,US,40.1948,-92.5833,75.81,77,0,10.36,clear sky
127,Te Anau,NZ,-45.4167,167.7167,31.84,89,88,5.23,overcast clouds
128,Nikolskoye,RU,59.7035,30.7861,71.78,42,95,10.18,overcast clouds
129,Manjacaze,MZ,-24.7117,33.8828,68.58,69,49,3.94,scattered clouds
130,Tuktoyaktuk,CA,69.4541,-133.0374,50.0,100,100,9.22,fog
131,Yerbogachen,RU,61.2767,108.0108,58.48,63,98,4.47,overcast clouds
132,Esperance,AU,-33.8667,121.9,65.82,31,99,19.75,overcast clouds
133,Lorengau,PG,-2.0226,147.2712,81.25,80,100,10.74,overcast clouds
134,Tateyama,JP,34.9833,139.8667,79.11,91,100,15.3,overcast clouds
135,Poum,NC,-20.2333,164.0167,77.34,84,14,17.9,few clouds
136,Noumea,NC,-22.2763,166.4572,77.0,99,1,5.46,clear sky
137,Longyearbyen,SJ,78.2186,15.6401,46.24,61,20,19.57,few clouds
138,Lianyuan,CN,27.6883,111.6642,82.31,83,8,2.3,clear sky
139,Saint-Augustin,CA,51.226,-58.6502,62.51,71,81,11.27,broken clouds
140,Ballitoville,ZA,-29.539,31.2144,72.16,73,0,20.71,clear sky
141,Zyryanovsk,KZ,49.7386,84.2719,58.57,84,91,1.41,overcast clouds
142,Bengkulu,ID,-3.8004,102.2655,76.82,86,7,5.95,clear sky
143,Muros,ES,42.7762,-9.0603,86.09,36,14,6.04,few clouds
144,Port Macquarie,AU,-31.4333,152.9167,48.04,78,5,7.23,clear sky
145,Gat,IL,31.61,34.7642,87.4,35,0,11.72,clear sky
146,Bethel,US,41.3712,-73.414,80.96,53,0,11.5,clear sky
147,Tymovskoye,RU,50.8456,142.655,59.9,96,6,5.95,clear sky
148,Dunedin,NZ,-45.8742,170.5036,39.79,72,100,5.01,overcast clouds
149,Torva,EE,58.0028,25.935,63.95,55,87,11.18,overcast clouds
150,Husavik,IS,66.0449,-17.3389,54.79,69,93,11.05,overcast clouds
151,Alofi,NU,-19.0595,-169.9187,73.29,88,44,9.22,scattered clouds
152,Artigas,UY,-30.4,-56.4667,67.96,86,99,13.65,overcast clouds
153,East London,ZA,-33.0153,27.9116,68.94,68,0,6.91,clear sky
154,Salinas,US,36.6777,-121.6555,64.99,88,100,8.05,mist
155,Kodiak,US,57.79,-152.4072,53.11,94,100,14.97,overcast clouds
156,Hervey Bay,AU,-25.2986,152.8535,54.18,70,29,10.92,scattered clouds
157,Harper,LR,4.375,-7.7169,78.1,72,97,11.03,overcast clouds
158,Egvekinot,RU,66.3167,-179.1667,40.46,99,100,8.14,light rain
159,Ancud,CL,-41.8697,-73.8203,46.22,88,100,7.61,overcast clouds
160,Key Largo,US,25.0865,-80.4473,89.01,72,7,10.27,clear sky
161,Hualmay,PE,-11.0964,-77.6139,64.4,75,63,9.71,broken clouds
162,Manono,CD,-7.3,27.4167,89.11,19,16,3.98,few clouds
163,Margate,GB,51.3813,1.3862,71.31,64,20,14.23,few clouds
164,Nova Vicosa,BR,-17.8919,-39.3719,78.04,62,31,11.83,scattered clouds
165,Klaksvik,FO,62.2266,-6.589,52.72,94,100,7.38,light rain
166,Arraial Do Cabo,BR,-22.9661,-42.0278,78.76,73,20,8.05,few clouds
167,Senador Jose Porfirio,BR,-2.5908,-51.9542,87.03,52,26,4.16,scattered clouds
168,Houston,US,29.7633,-95.3633,91.35,70,75,9.22,broken clouds
169,Bambous Virieux,MU,-20.3428,57.7575,70.05,68,40,17.27,scattered clouds
170,Hamilton,US,39.1834,-84.5333,72.91,90,100,12.66,mist
171,Caravelas,BR,-17.7125,-39.2481,78.67,58,4,10.36,clear sky
172,Buala,SB,-8.145,159.5921,79.2,80,91,7.67,overcast clouds
173,Samarai,PG,-10.6167,150.6667,81.21,79,18,9.69,few clouds
174,Phuket,TH,8.0,98.25,86.13,93,40,0.0,scattered clouds
175,Rumoi,JP,43.9344,141.6428,66.56,93,41,6.04,scattered clouds
176,Kruisfontein,ZA,-34.0033,24.7314,76.89,23,0,17.45,clear sky
177,Saskylakh,RU,71.9167,114.0833,52.52,69,94,7.78,overcast clouds
178,San Quintin,MX,30.4833,-115.95,68.72,78,28,10.0,scattered clouds
179,Am Timan,TD,11.0297,20.2827,85.12,51,49,9.44,light rain
180,Yellowknife,CA,62.456,-114.3525,60.57,100,100,12.66,light intensity shower rain
181,Eyl,SO,7.9803,49.8164,84.45,51,100,27.98,overcast clouds
182,Beringovskiy,RU,63.05,179.3167,49.01,92,100,11.92,overcast clouds
183,Labuhan,ID,-6.8844,112.2051,76.37,81,12,7.67,few clouds
184,Kavieng,PG,-2.5744,150.7967,82.27,72,17,16.75,few clouds
185,Sanmenxia,CN,34.7747,111.1814,86.81,59,6,8.19,clear sky
186,Srednekolymsk,RU,67.45,153.6833,45.45,80,69,4.65,broken clouds
187,Coquimbo,CL,-29.9533,-71.3436,56.93,71,75,4.61,broken clouds
188,Arrifes,PT,37.7667,-25.7,73.24,68,75,12.66,broken clouds
189,Kawalu,ID,-7.3817,108.2082,67.91,95,13,1.68,few clouds
190,Kudahuvadhoo,MV,2.6708,72.8944,83.08,75,67,13.31,broken clouds
191,Vila Franca Do Campo,PT,37.7167,-25.4333,75.2,66,52,8.79,broken clouds
192,Makakilo City,US,21.3469,-158.0858,73.72,82,100,10.36,overcast clouds
193,Saldanha,ZA,-33.0117,17.9442,57.25,88,70,18.63,light rain
194,Kamenka,RU,51.3223,42.7678,81.14,47,100,7.27,overcast clouds
195,Bud,US,39.447,-86.1758,76.19,84,100,9.64,overcast clouds
196,Mandan,US,46.8267,-100.8896,66.18,100,100,10.36,light rain
197,Guangyuan,CN,32.442,105.823,80.37,81,97,1.83,overcast clouds
198,Emerald,AU,-23.5333,148.1667,45.34,74,0,10.83,clear sky
199,Cherskiy,RU,68.75,161.3,35.91,96,100,13.38,moderate rain
200,Padang,ID,-0.9492,100.3543,78.85,87,47,3.0,scattered clouds
201,Vanimo,PG,-2.6741,141.3028,77.56,90,75,4.83,broken clouds
202,Chokurdakh,RU,70.6333,147.9167,44.94,59,100,3.69,overcast clouds
203,Porto Walter,BR,-8.2686,-72.7439,85.39,59,27,3.13,scattered clouds
204,Sarahan,IN,31.5167,77.8,65.71,98,100,1.86,overcast clouds
205,Takhtamygda,RU,54.1,123.5667,60.93,95,85,3.78,overcast clouds
206,Perehonivka,UA,48.5355,30.5192,75.99,48,100,17.0,overcast clouds
207,Anchorage,US,61.2181,-149.9003,61.86,79,75,6.91,broken clouds
208,Salinopolis,BR,-0.6136,-47.3561,82.72,73,8,11.48,clear sky
209,Orocue,CO,4.7912,-71.3354,79.97,74,99,5.41,overcast clouds
210,Lianzhou,CN,24.7811,112.3825,78.31,95,9,2.48,clear sky
211,Marica,BR,-22.9194,-42.8186,76.95,57,3,5.37,clear sky
212,Necochea,AR,-38.5473,-58.7368,51.26,85,98,12.15,overcast clouds
213,Lander,US,42.833,-108.7307,83.98,23,0,3.44,clear sky
214,Sitka,US,57.0531,-135.33,57.09,88,100,0.0,overcast clouds
215,Muli,MV,2.9167,73.5667,82.83,76,80,14.38,broken clouds
216,Muravlenko,RU,63.7898,74.523,73.2,46,5,12.35,clear sky
217,Tongliao,CN,43.6125,122.2653,71.62,55,98,9.31,overcast clouds
218,Ohara,JP,35.25,140.3833,75.2,91,100,15.99,overcast clouds
219,Broken Hill,AU,-31.95,141.4333,44.17,82,67,8.86,broken clouds
220,Truckee,US,39.328,-120.1833,67.15,55,0,1.99,clear sky
221,Clinton,US,42.587,-82.9199,76.28,51,40,12.66,scattered clouds
222,Souillac,MU,-20.5167,57.5167,70.18,68,40,17.27,light rain
223,Kahului,US,20.8947,-156.47,75.85,79,75,10.36,broken clouds
224,Galeana,MX,24.8333,-100.0667,73.53,47,18,5.17,few clouds
225,Taltal,CL,-25.4,-70.4833,61.21,74,67,4.97,broken clouds
226,Kalmunai,LK,7.4167,81.8167,85.93,58,100,5.7,overcast clouds
227,Xinyang,CN,32.1228,114.0656,82.51,88,28,6.33,scattered clouds
228,Mahebourg,MU,-20.4081,57.7,70.09,68,40,17.27,scattered clouds
229,Nanortalik,GL,60.1432,-45.2371,43.56,91,100,2.46,overcast clouds
230,Flinders,AU,-34.5833,150.8552,52.18,87,83,5.99,moderate rain
231,Pevek,RU,69.7008,170.3133,32.58,96,100,8.97,light snow
232,Constitucion,CL,-35.3333,-72.4167,51.42,93,100,17.67,light rain
233,Aden,YE,12.7794,45.0367,87.58,66,100,11.92,overcast clouds
234,Nantucket,US,41.2835,-70.0995,75.34,64,0,17.27,clear sky
235,Andenes,NO,69.3143,16.1194,55.38,76,75,6.91,broken clouds
236,Port Alfred,ZA,-33.5906,26.891,77.18,26,0,9.1,clear sky
237,Parkes,AU,-33.1333,148.1833,35.35,79,6,4.94,clear sky
238,Yeppoon,AU,-23.1333,150.7333,46.18,65,0,7.78,clear sky
239,Filotion,GR,37.05,25.5,73.9,63,20,9.22,few clouds
240,Luwuk,ID,-0.9516,122.7875,76.03,91,99,4.09,overcast clouds
241,Tautira,PF,-17.7333,-149.15,76.15,76,92,19.19,light rain
242,Vila Velha,BR,-20.3297,-40.2925,76.95,78,75,6.91,broken clouds
243,Bonthe,SL,7.5264,-12.505,80.46,77,63,11.56,light rain
244,Rijssen,NL,52.308,6.5211,73.44,60,98,5.99,overcast clouds
245,Temiscaming,CA,46.7212,-79.0971,65.71,52,6,4.61,clear sky
246,Urusha,RU,54.05,122.9,58.75,96,76,3.33,light rain
247,Severo-Kurilsk,RU,50.6789,156.125,54.46,88,100,11.27,overcast clouds
248,Darhan,MN,49.4867,105.9228,61.97,65,99,2.19,overcast clouds
249,Monchique,PT,37.3177,-8.5553,82.15,24,0,9.35,clear sky
250,Karratha,AU,-20.7377,116.8463,64.85,46,5,4.97,clear sky
251,Ruy Barbosa,BR,-12.2839,-40.4939,77.52,56,77,8.43,broken clouds
252,Norman Wells,CA,65.282,-126.8329,62.64,67,100,4.61,smoke
253,Cabedelo,BR,-6.9811,-34.8339,83.07,69,9,14.58,clear sky
254,Male,MV,4.1748,73.5089,82.35,83,75,16.11,broken clouds
255,Coahuayana,MX,18.7333,-103.6833,81.55,76,66,1.97,broken clouds
256,Ouagadougou,BF,12.3642,-1.5383,89.73,62,40,10.36,scattered clouds
257,Yantongshan,CN,43.2919,126.0094,66.31,86,4,4.07,clear sky
258,Gillette,US,44.2911,-105.5022,78.12,54,0,10.36,clear sky
259,Matara,LK,5.9485,80.5353,80.1,81,100,15.26,overcast clouds
260,Zeya,RU,53.75,127.2667,63.95,96,100,5.73,light rain
261,Denpasar,ID,-8.65,115.2167,80.26,83,40,13.8,scattered clouds
262,Rocha,UY,-34.4833,-54.3333,61.07,90,98,18.23,overcast clouds
263,Santo Tomas,PH,14.1079,121.1414,83.55,95,71,3.31,broken clouds
264,Georgetown,MY,5.4112,100.3354,84.15,76,20,0.0,few clouds
265,Kaitangata,NZ,-46.2817,169.8464,34.5,84,76,3.94,broken clouds
266,Ust-Nera,RU,64.5667,143.2,50.68,76,78,0.72,broken clouds
267,Vicuna,CL,-30.0319,-70.7081,49.73,64,0,7.74,clear sky
268,Petropavlovsk-Kamchatskiy,RU,53.0452,158.6483,68.59,94,0,4.47,clear sky
269,Tilichiki,RU,60.4667,166.1,51.89,94,100,3.11,overcast clouds
270,Hambantota,LK,6.1241,81.1185,80.94,78,20,3.44,few clouds
271,Marystown,CA,47.1666,-55.1483,66.85,100,75,3.0,broken clouds
272,Bacungan,PH,9.9106,118.7022,78.85,94,75,6.91,broken clouds
273,Maceio,BR,-9.6658,-35.7353,74.64,88,100,5.75,mist
274,Shitanjing,CN,39.2342,106.3439,67.8,49,5,10.07,clear sky
275,Oudtshoorn,ZA,-33.5907,22.2014,61.16,28,2,14.05,clear sky
276,Inuvik,CA,68.3499,-133.7218,54.36,100,100,3.44,mist
277,Juneau,US,58.3019,-134.4197,57.85,97,100,8.05,overcast clouds
278,Kedrovyy,RU,56.1667,91.8167,59.41,75,96,1.95,overcast clouds
279,Soyo,AO,-6.1349,12.3689,73.63,75,100,11.61,overcast clouds
280,Sao Gabriel Da Cachoeira,BR,-0.1303,-67.0892,82.2,78,40,2.3,scattered clouds
281,Doume,CM,4.2333,13.45,72.14,94,97,3.22,moderate rain
282,Taoudenni,ML,22.6783,-3.9836,115.68,5,0,13.11,clear sky
283,Arlit,NE,18.7369,7.3853,106.77,8,24,3.85,few clouds
284,Vao,NC,-22.6667,167.4833,74.52,86,1,11.41,clear sky
285,Sistranda,NO,63.7256,8.834,51.76,85,100,19.89,overcast clouds
286,Sao Joao Da Barra,BR,-21.6403,-41.0511,80.69,71,15,11.61,few clouds
287,Palana,RU,59.1167,159.9667,51.53,97,100,11.48,overcast clouds
288,Gamba,GA,-2.65,10.0,74.35,68,97,10.16,overcast clouds
289,Lishui,CN,28.4604,119.9103,79.7,91,95,1.63,overcast clouds
290,Waw,SS,7.7029,27.9953,72.72,91,100,1.41,overcast clouds
291,Itoman,JP,26.1247,127.6694,84.58,89,100,8.05,overcast clouds
292,Mbandaka,CD,0.0487,18.2603,83.89,48,90,1.97,overcast clouds
293,Trairi,BR,-3.2778,-39.2689,85.15,51,70,13.96,broken clouds
294,Conde,BR,-7.2597,-34.9075,81.86,69,75,17.27,broken clouds
295,Aurora,US,39.7294,-104.8319,88.11,37,20,11.5,few clouds
296,Olinda,BR,-8.0089,-34.8553,82.13,65,40,16.11,scattered clouds
297,Jiaonan,CN,35.8786,119.9753,76.53,84,72,5.35,broken clouds
298,Bijie,CN,27.3125,105.2942,65.48,95,3,5.97,clear sky
299,Nemuro,JP,43.3236,145.575,57.02,97,99,11.9,overcast clouds
300,Inhambane,MZ,-23.865,35.3833,71.58,68,40,12.66,scattered clouds
301,Tiksi,RU,71.6872,128.8694,49.73,59,59,10.87,broken clouds
302,Brus Laguna,HN,15.75,-84.4833,82.6,80,15,6.35,few clouds
303,Ostrovnoy,RU,68.0531,39.5131,49.86,84,84,9.35,broken clouds
304,Roma,US,43.2128,-75.4557,74.08,51,0,3.44,clear sky
305,Abeche,TD,13.8292,20.8324,95.02,25,0,13.8,clear sky
306,Aklavik,CA,68.2191,-135.0107,57.2,94,100,13.8,haze
307,Namatanai,PG,-3.6667,152.4333,76.98,74,10,7.83,clear sky
308,Port Shepstone,ZA,-30.7414,30.455,69.15,81,0,19.15,clear sky
309,Laguna,US,38.421,-121.4238,71.01,75,0,10.36,clear sky
310,Beroroha,MG,-21.6667,45.1667,71.56,41,0,14.03,clear sky
311,Haverfordwest,GB,51.8017,-4.9691,72.99,67,4,5.99,clear sky
312,Raudeberg,NO,61.9875,5.1352,52.47,84,100,16.98,overcast clouds
313,Fereydun Kenar,IR,36.6864,52.5225,77.86,61,25,3.36,scattered clouds
314,Uray,RU,60.1247,64.7758,75.54,62,9,5.5,clear sky
315,Gazanjyk,TM,39.2446,55.5154,90.34,13,0,12.5,clear sky
316,Castro,BR,-24.7911,-50.0119,72.23,44,40,6.04,scattered clouds
317,Cockburn Town,TC,21.4612,-71.1419,81.91,78,100,19.44,overcast clouds
318,Poya,NC,-21.35,165.15,73.74,90,4,5.44,clear sky
319,Santa Maria Da Vitoria,BR,-13.3947,-44.1886,86.83,23,2,8.28,clear sky
320,Bossangoa,CF,6.4926,17.4552,81.12,69,99,3.91,overcast clouds
321,Half Moon Bay,US,37.4636,-122.4286,67.53,85,100,8.05,overcast clouds
322,Karasburg,NA,-28.0167,18.75,61.59,29,2,18.34,clear sky
323,College,US,64.8569,-147.8028,70.2,70,75,0.0,smoke
324,Mpraeso,GH,6.5932,-0.7346,71.91,90,99,7.31,light rain
325,Lumut,MY,4.2323,100.6298,82.42,83,20,0.0,few clouds
326,West Wendover,US,40.7391,-114.0733,81.61,10,0,5.75,clear sky
327,Port-Gentil,GA,-0.7193,8.7815,78.76,69,20,17.27,few clouds
328,Atar,MR,20.5169,-13.0499,107.55,16,26,13.6,scattered clouds
329,Port Lincoln,AU,-34.7333,135.8667,50.95,76,0,9.93,clear sky
330,Tutoia,BR,-2.7619,-42.2744,86.45,57,100,3.87,overcast clouds
331,Alta Floresta,BR,-9.8756,-56.0861,94.82,36,0,12.66,clear sky
332,Borovoy,RU,55.4333,86.0833,70.88,56,0,8.95,clear sky
333,Kumeny,RU,58.1089,49.9161,70.52,80,79,2.84,broken clouds
334,Yangambi,CD,0.8102,24.4336,85.73,38,52,2.01,broken clouds
335,Baherden,TM,38.4362,57.4316,89.42,15,0,6.35,clear sky
336,Upernavik,GL,72.7868,-56.1549,39.49,82,3,9.82,clear sky
337,Acarau,BR,-2.8856,-40.12,86.04,54,84,14.41,broken clouds
338,Aqtobe,KZ,50.2797,57.2072,80.69,41,0,6.71,clear sky
339,Oistins,BB,13.0667,-59.5333,86.09,79,40,24.16,scattered clouds
340,Nongstoin,IN,25.5167,91.2667,66.06,98,49,2.46,scattered clouds
341,Boshnyakovo,RU,49.6333,142.1667,61.11,94,96,4.36,overcast clouds
342,Punta Alta,AR,-38.8759,-62.0736,54.59,61,0,4.27,clear sky
343,Pemberton,CA,50.3164,-122.8027,56.89,75,100,2.08,overcast clouds
344,Sungaipenuh,ID,-2.0833,101.3833,64.31,97,90,1.28,overcast clouds
345,Cap Malheureux,MU,-19.9842,57.6142,69.48,65,68,8.01,broken clouds
346,Palmer,US,42.1584,-72.3287,79.09,40,20,12.66,few clouds
347,Grafton,US,42.207,-71.6856,79.52,44,0,9.22,clear sky
348,Kang,BW,-23.6752,22.7876,63.48,29,0,7.14,clear sky
349,Sangar,RU,63.9242,127.4739,56.84,70,100,3.58,overcast clouds
350,Camacha,PT,33.0833,-16.3333,71.02,73,20,21.85,few clouds
351,Mount Gambier,AU,-37.8333,140.7667,37.31,100,100,4.61,overcast clouds
352,Mandalgovi,MN,45.7625,106.2708,63.28,50,29,14.74,scattered clouds
353,Tura,IN,25.5198,90.2201,76.84,83,10,3.09,clear sky
354,Hailar,CN,49.2,119.7,57.13,77,100,9.4,light rain
355,Scarborough,GB,54.2797,-0.4044,70.34,67,81,5.99,broken clouds
356,Mgandu,TZ,-5.95,34.1333,67.26,36,14,7.52,few clouds
357,Perevolotskiy,RU,51.8763,54.1938,72.07,60,82,4.5,broken clouds
358,Teguise,ES,29.0605,-13.564,86.22,55,0,4.61,clear sky
359,Kloulklubed,PW,7.0419,134.2556,79.3,75,100,12.12,overcast clouds
360,Barra,BR,-11.0894,-43.1417,84.43,27,0,8.08,clear sky
361,Kamogawa,JP,35.1,140.1,78.13,91,100,13.69,overcast clouds
362,Puerto Escondido,MX,15.85,-97.0667,83.23,69,40,4.61,scattered clouds
363,Tabou,CI,4.423,-7.3528,78.26,72,76,10.94,broken clouds
364,Trelew,AR,-43.249,-65.3051,60.75,21,39,18.52,scattered clouds
365,Saint-Joseph,RE,-21.3667,55.6167,68.38,76,22,16.89,light rain
366,Bundaberg,AU,-24.85,152.35,48.22,79,0,1.99,clear sky
367,Nuuk,GL,64.1835,-51.7216,41.61,100,100,11.5,fog
368,Keetmanshoop,NA,-26.5833,18.1333,67.6,21,3,19.98,clear sky
369,Preobrazheniye,RU,42.9019,133.9064,63.91,90,100,5.99,overcast clouds
370,Khuzdar,PK,27.7384,66.6434,82.47,60,21,9.42,few clouds
371,Henties Bay,NA,-22.116,14.2845,58.86,83,0,11.59,clear sky
372,Riyadh,SA,24.6877,46.7219,105.94,8,71,15.59,broken clouds
373,Manzhouli,CN,49.6,117.4333,57.51,86,100,7.27,overcast clouds
374,Ladario,BR,-19.0047,-57.6017,89.89,33,0,6.91,clear sky
375,Zhangye,CN,38.9342,100.4517,78.42,37,11,10.42,few clouds
376,Carauari,BR,-4.8828,-66.8958,83.03,76,47,3.42,scattered clouds
377,Kidal,ML,18.4411,1.4078,106.16,7,90,6.58,overcast clouds
378,Orzinuovi,IT,45.404,9.9216,89.35,43,54,5.79,broken clouds
379,Honiara,SB,-9.4333,159.95,75.52,83,76,4.81,broken clouds
380,Hofn,IS,64.2539,-15.2082,50.0,87,100,1.81,overcast clouds
381,Kinna,SE,57.5073,12.6946,68.02,44,9,11.92,clear sky
382,Samana,DO,19.2056,-69.3369,88.02,70,75,11.5,broken clouds
383,Teluk Nibung,ID,3.001,99.8164,78.66,85,67,4.59,broken clouds
384,Hasaki,JP,35.7333,140.8333,75.29,94,100,14.14,overcast clouds
385,Beian,NO,63.6559,9.5683,53.01,93,75,14.97,broken clouds
386,Makarov,RU,48.6333,142.8,58.46,95,67,5.28,broken clouds
387,Lively,CA,46.4334,-81.1498,68.02,52,6,3.85,clear sky
388,Yarmouth,US,41.7057,-70.2286,76.01,68,0,14.97,clear sky
389,Lasa,IT,46.6166,10.7002,77.36,36,59,6.4,broken clouds
390,Sola,VU,-13.8833,167.55,77.67,94,75,0.0,broken clouds
391,Merrill,US,45.1805,-89.6835,71.37,55,0,4.61,clear sky
392,Ambon,ID,-3.6954,128.1814,80.74,14,40,5.75,scattered clouds
393,Airai,TL,-8.9266,125.4092,56.37,92,89,3.71,overcast clouds
394,Touros,BR,-5.1989,-35.4608,82.38,62,17,18.32,few clouds
395,Huarmey,PE,-10.0681,-78.1522,66.27,74,78,10.27,broken clouds
396,Fortuna,US,40.5982,-124.1573,59.94,91,100,4.83,overcast clouds
397,Sloboda,RU,51.1421,40.3021,68.22,76,91,4.79,overcast clouds
398,Atkinson,US,42.8384,-71.147,79.47,48,40,5.75,scattered clouds
399,Kyren,RU,51.6828,102.1408,56.17,78,76,0.72,broken clouds
400,Vytegra,RU,61.0064,36.4481,67.66,68,100,7.58,light rain
401,Umea,SE,63.8284,20.2597,57.13,88,40,4.61,light rain
402,Novoagansk,RU,61.9449,76.6625,68.7,84,66,2.93,light rain
403,Iisaku,EE,59.1014,27.3081,65.21,74,61,3.8,broken clouds
404,Otjimbingwe,NA,-22.35,16.1333,66.61,35,0,15.26,clear sky
405,Alpena,US,45.0617,-83.4327,70.12,55,0,6.91,clear sky
406,Gambo,CF,4.6482,22.2633,72.59,94,99,2.13,light rain
407,Plettenberg Bay,ZA,-34.0527,23.3716,72.43,39,0,7.31,clear sky
408,Sambava,MG,-14.2667,50.1667,70.48,80,39,17.83,light rain
409,Socorro,US,31.6546,-106.3033,90.5,36,40,11.5,scattered clouds
410,Sao Filipe,CV,14.8961,-24.4956,74.01,82,24,7.47,few clouds
411,Tena,EC,-0.9833,-77.8167,69.15,99,100,0.25,moderate rain
412,Show Low,US,34.2542,-110.0298,79.66,40,0,8.05,clear sky
413,Goure,NE,13.9835,10.2704,98.65,25,68,12.03,broken clouds
414,Port Hedland,AU,-20.3167,118.5667,53.65,71,3,8.05,clear sky
415,Kisangani,CD,0.5167,25.2,85.37,35,58,1.16,broken clouds
416,Mareeba,AU,-17.0,145.4333,65.12,91,69,2.95,broken clouds
417,Tessalit,ML,20.1986,1.0114,107.49,6,62,9.73,broken clouds
418,Klaeng,TH,12.7797,101.6483,82.94,100,100,10.38,light rain
419,Boa Vista,BR,2.8197,-60.6733,80.58,78,75,4.61,broken clouds
420,Hit,IQ,33.6416,42.8251,102.81,9,0,13.27,clear sky
421,Abu Dhabi,AE,24.4667,54.3667,95.11,65,0,9.22,clear sky
422,Creel,MX,27.75,-107.6333,71.62,43,74,8.75,broken clouds
423,Kondagaon,IN,19.6,81.6667,72.63,97,97,4.54,overcast clouds
424,Verkhnevilyuysk,RU,63.4453,120.3167,60.13,87,100,1.39,overcast clouds
425,Adrar,MR,20.5022,-10.0711,109.74,8,18,4.74,few clouds
426,Zambezi,ZM,-13.5432,23.1047,72.07,28,5,4.41,clear sky
427,Toora-Khem,RU,52.4675,96.11,54.66,67,68,4.12,broken clouds
428,Abadan,IR,30.3392,48.3043,111.15,8,0,13.8,clear sky
429,Batemans Bay,AU,-35.7167,150.1833,56.1,83,100,13.76,overcast clouds
430,Patiya,BD,22.2931,91.9762,78.31,92,92,6.73,overcast clouds
431,Silchar,IN,24.8167,92.8,77.72,95,58,1.21,broken clouds
432,Tezpur,IN,26.6333,92.8,81.75,84,27,5.14,scattered clouds
433,Villacarrillo,ES,38.1156,-3.0848,98.1,12,0,6.96,clear sky
434,Bonavista,CA,48.6499,-53.1147,58.91,69,40,14.7,scattered clouds
435,Melfort,CA,52.8667,-104.6177,69.93,78,67,5.75,broken clouds
436,Giyani,ZA,-23.3025,30.7187,65.16,54,16,5.95,few clouds
437,Lompoc,US,34.6391,-120.4579,61.92,88,100,5.99,fog
438,Gallup,US,35.5281,-108.7426,80.44,33,0,8.05,clear sky
439,Malartic,CA,48.1335,-78.1328,68.02,65,3,6.85,clear sky
440,Sakhipur,BD,24.3,90.1833,81.82,78,4,6.98,clear sky
441,Akyab,MM,20.15,92.9,82.63,82,97,14.25,overcast clouds
442,Maragogi,BR,-9.0122,-35.2225,78.89,76,14,10.8,few clouds
443,Vikulovo,RU,56.8167,70.6107,70.39,72,50,6.69,scattered clouds
444,Waipawa,NZ,-41.4122,175.5153,44.65,79,100,12.48,overcast clouds
445,Malibu,US,34.005,-118.8101,77.25,69,16,4.07,few clouds
446,Nioro,GM,13.35,-15.75,92.16,50,90,3.78,overcast clouds
447,Tupelo,US,34.2576,-88.7034,91.69,55,0,5.75,clear sky
448,Ayagoz,KZ,47.9714,80.4392,63.12,65,85,7.43,overcast clouds
449,Mbuji-Mayi,CD,-6.15,23.6,86.43,22,4,5.03,clear sky
450,Grand Gaube,MU,-20.0064,57.6608,70.2,65,73,8.01,broken clouds
451,Lufilufi,WS,-13.8745,-171.5986,71.38,78,63,17.2,light rain
452,Redlands,US,34.0556,-117.1825,87.93,43,0,0.0,haze
453,Shelburne,CA,44.0787,-80.2041,67.91,39,10,8.84,clear sky
454,Kununurra,AU,-15.7667,128.7333,51.78,66,59,0.0,broken clouds
455,Qingdao,CN,36.0986,120.3719,78.4,94,65,8.95,mist
456,Inirida,CO,3.8653,-67.9239,81.9,74,99,3.13,overcast clouds
457,Krasnoshchekovo,RU,51.6708,82.7289,58.55,92,100,2.28,overcast clouds
458,Yar-Sale,RU,66.8333,70.8333,61.52,61,54,7.52,broken clouds
459,Kedougou,SN,12.5579,-12.1743,90.18,62,75,4.61,broken clouds
460,Puerto Madryn,AR,-42.7692,-65.0385,57.38,32,96,20.83,overcast clouds
461,Lavrentiya,RU,65.5833,-171.0,46.89,89,100,6.78,overcast clouds
462,Semey,KZ,50.4111,80.2275,67.53,60,39,5.88,scattered clouds
463,Ondjiva,AO,-17.0667,15.7333,76.5,22,0,1.19,clear sky
464,Itanhaem,BR,-24.1831,-46.7889,72.84,67,11,5.12,few clouds
465,Nicolas Bravo,MX,18.45,-88.9167,87.78,52,81,6.06,broken clouds
466,Zhigansk,RU,66.7697,123.3711,48.02,85,51,9.01,broken clouds
467,Port Hueneme,US,34.1478,-119.1951,80.51,87,100,0.0,mist
468,Manhattan,US,40.7834,-73.9662,84.27,52,0,12.66,clear sky
469,Huangchuan,CN,32.1272,115.0394,81.75,85,10,6.96,clear sky
470,Tucuma,BR,-0.1833,-50.05,85.51,61,20,7.14,few clouds
471,Tual,ID,-5.6667,132.75,79.92,82,100,21.14,overcast clouds
472,Kostomuksha,RU,64.571,30.5767,60.58,67,100,9.17,overcast clouds
473,Wagga Wagga,AU,-35.1167,147.3667,36.01,93,100,0.0,overcast clouds
474,Kondinskoye,RU,59.6481,67.41,76.6,60,61,6.17,broken clouds
475,Qaqortoq,GL,60.7167,-46.0333,44.71,90,100,4.09,overcast clouds
476,Conceicao Do Araguaia,BR,-8.2578,-49.2647,94.91,27,4,8.39,clear sky
477,Teknaf,BD,20.8624,92.3058,81.01,87,95,11.41,overcast clouds
478,Acapulco,MX,16.8634,-99.8901,85.82,70,40,3.44,scattered clouds
479,Victor Harbor,AU,-35.5667,138.6167,43.68,83,0,3.94,clear sky
480,Xining,CN,36.6167,101.7667,63.41,79,87,3.65,overcast clouds
481,Faanui,PF,-16.4833,-151.75,77.88,77,82,21.16,light rain
482,Cururupu,BR,-1.8283,-44.8683,86.77,54,30,7.07,scattered clouds
483,Port Keats,AU,-14.25,129.55,65.34,37,17,13.04,few clouds
484,Pitimbu,BR,-7.4706,-34.8086,82.99,70,38,14.36,scattered clouds
485,Moog,PH,8.6011,124.4658,76.32,87,100,4.43,overcast clouds
486,Monrovia,LR,6.3005,-10.7969,76.3,88,97,11.9,moderate rain
487,Tonantins,BR,-2.8731,-67.8022,79.65,91,58,3.85,broken clouds
488,Phitsanulok,TH,16.9167,100.5,72.82,99,100,4.7,overcast clouds
489,Dudinka,RU,69.4058,86.1778,54.63,93,100,12.17,light rain
490,Savona,IT,44.3,8.2667,85.03,56,60,5.82,broken clouds
491,Hannibal,US,39.7084,-91.3585,78.71,61,75,8.05,broken clouds
492,Troitskoye,RU,52.9821,84.6757,63.25,82,27,6.29,scattered clouds
493,Berbera,SO,10.4396,45.0143,88.84,43,81,29.66,broken clouds
494,Jieshi,CN,22.8134,115.8257,83.52,83,54,6.6,broken clouds
495,Kilindoni,TZ,-7.9139,39.6668,76.66,69,14,14.07,few clouds
496,Luganville,VU,-15.5333,167.1667,76.53,83,7,6.22,clear sky
497,Saveh,IR,35.0213,50.3566,95.18,12,0,8.46,clear sky
498,Vanderhoof,CA,54.0166,-124.0198,59.41,52,65,9.31,broken clouds
499,Manacapuru,BR,-3.2997,-60.6206,87.03,59,28,7.76,scattered clouds
500,Okhotsk,RU,59.3833,143.3,59.45,73,44,5.21,scattered clouds
501,Hobyo,SO,5.3505,48.5268,76.59,75,100,30.22,overcast clouds
502,Vardo,NO,70.3705,31.1107,51.78,82,20,9.22,few clouds
503,Doha,QA,25.2867,51.5333,97.11,66,0,4.61,clear sky
504,Siniscola,IT,40.5719,9.6922,85.55,33,0,8.37,clear sky
505,Robertsport,LR,6.7533,-11.3686,76.95,88,100,13.11,moderate rain
506,Marsh Harbour,BS,26.5412,-77.0636,83.28,70,8,9.13,clear sky
507,Raga,SS,8.4596,25.678,79.59,65,100,3.69,overcast clouds
508,Umm Lajj,SA,25.0213,37.2685,88.16,50,94,5.39,overcast clouds
509,Beloha,MG,-25.1667,45.05,66.78,64,0,13.04,clear sky
510,Prince Rupert,CA,54.3161,-130.3201,57.29,88,100,14.97,overcast clouds
511,Paka,MY,4.6374,103.4368,76.98,100,100,0.0,overcast clouds
512,Asau,RO,46.4333,26.4,76.28,48,92,10.09,overcast clouds
513,Sao Jose Da Coroa Grande,BR,-8.8978,-35.1478,79.43,73,10,11.12,clear sky
514,Ngorongoro,TZ,-3.2397,35.4875,55.8,56,87,3.65,overcast clouds
515,Dobric,RS,44.7019,19.5814,77.81,31,62,9.08,broken clouds
516,La Ronge,CA,55.1001,-105.2842,70.05,78,75,6.91,broken clouds
517,Dalaba,GN,10.7,-12.25,73.31,78,31,3.38,moderate rain
518,Natal,BR,-5.795,-35.2094,84.42,70,75,21.85,broken clouds
519,Iquique,CL,-20.2208,-70.1431,62.64,68,79,3.51,broken clouds
520,Ulaangom,MN,49.9811,92.0667,64.51,53,95,4.59,overcast clouds
521,Linhares,BR,-19.3911,-40.0722,74.62,72,69,6.85,broken clouds
522,Hede,CN,33.7681,120.2517,79.9,87,3,8.37,moderate rain
523,Balakhninskiy,RU,58.0106,114.2769,56.01,96,100,2.28,overcast clouds
524,Deputatskiy,RU,69.3,139.9,36.01,90,64,3.06,broken clouds
525,Shawnee,US,39.05,-95.7669,80.46,77,40,9.22,scattered clouds
526,Fushe-Arrez,AL,42.0622,20.0167,62.6,75,42,9.17,scattered clouds
527,Nome,US,64.5011,-165.4064,51.87,82,0,0.0,clear sky
528,San Cristobal,VE,7.7669,-72.225,80.78,60,97,7.63,overcast clouds
529,Cortez,US,37.3489,-108.5859,83.7,25,0,0.0,clear sky
530,Korla,CN,41.7597,86.1469,81.27,24,77,19.73,broken clouds
531,Port Blair,IN,11.6667,92.75,82.44,83,100,8.05,light rain
532,Grindavik,IS,63.8424,-22.4338,58.95,100,100,21.85,overcast clouds
533,Starkville,US,33.4504,-88.8184,95.45,62,0,8.05,clear sky
534,Saint Anthony,US,45.0205,-93.218,78.87,57,0,11.5,clear sky
535,Eenhana,NA,-17.4667,16.3333,75.2,22,0,2.08,clear sky
536,Lata,PT,40.1629,-8.3327,98.49,14,0,12.46,clear sky
537,Loikaw,MM,19.6742,97.2094,69.19,95,100,3.71,overcast clouds
538,Hermiston,US,45.8404,-119.2895,76.71,51,0,3.44,clear sky
539,Tomohon,ID,1.3346,124.8392,67.14,93,86,2.82,overcast clouds
540,Barsovo,RU,61.1667,73.1667,78.93,79,65,3.62,light rain
541,Saint-Louis,SN,16.3333,-15.0,101.84,37,100,11.12,overcast clouds
542,Biak,ID,-0.9131,122.8766,74.84,90,98,4.76,overcast clouds
543,Santa Helena,BR,-2.2311,-45.3,86.34,55,48,4.76,scattered clouds
544,Vangaindrano,MG,-23.35,47.6,66.65,81,86,6.91,light rain
545,Quatre Cocos,MU,-20.2078,57.7625,69.91,65,95,21.47,overcast clouds
546,Defiance,US,41.3334,-84.45,76.1,64,0,11.5,clear sky
547,Alice Springs,AU,-23.7,133.8833,35.15,80,0,0.0,clear sky
548,Kodinsk,RU,58.6881,99.1844,56.52,74,79,2.21,broken clouds
549,Iberia,US,29.9502,-91.7507,91.96,70,20,9.22,few clouds
550,Mananjary,MG,-21.2167,48.3333,68.16,76,98,8.12,light rain
551,Pontianak,ID,-0.0333,109.3333,78.78,83,40,4.61,scattered clouds
552,Linqing,CN,36.8456,115.7117,75.13,83,73,11.14,broken clouds
553,Itainopolis,BR,-7.4469,-41.4783,91.6,24,4,11.61,clear sky
554,Orangeburg,US,33.4918,-80.8557,85.95,77,75,9.22,broken clouds
555,Macamic,CA,48.7502,-78.9996,65.57,57,0,5.88,clear sky
556,High Prairie,CA,55.4334,-116.4858,64.04,53,28,13.09,scattered clouds
557,Pop,UZ,40.8736,71.1089,84.69,19,41,9.53,scattered clouds
558,Coffs Harbour,AU,-30.3,153.1333,44.13,100,43,0.0,mist
559,Barnstead,US,43.334,-71.2928,77.67,46,0,5.82,clear sky
560,Phan Thiet,VN,10.9333,108.1,77.31,90,100,7.96,light rain
561,Astoria,US,46.1879,-123.8313,60.57,91,0,4.61,clear sky
562,Oga,IT,46.4631,10.347,74.7,36,47,7.76,scattered clouds
563,Nicoya,CR,10.1483,-85.452,82.96,76,75,4.59,broken clouds
564,Kerman,IR,30.2832,57.0788,93.06,11,0,13.8,clear sky
565,Pouebo,NC,-20.4,164.5667,74.3,89,31,8.46,scattered clouds
566,Itaituba,BR,-4.2761,-55.9836,89.76,62,40,10.36,scattered clouds
567,Setermoen,NO,68.861,18.3486,60.76,74,100,1.01,overcast clouds
568,Markova,UA,48.6758,24.4138,64.98,58,99,6.76,overcast clouds
569,Pacific Grove,US,36.6177,-121.9166,60.03,94,100,8.01,mist
570,Akdepe,TM,42.0551,59.3788,89.69,26,0,18.59,clear sky
571,Anshun,CN,26.25,105.9333,66.36,97,7,5.39,clear sky
572,Zyryanka,RU,65.75,150.85,47.17,86,95,3.06,overcast clouds
573,Kohlu,PK,29.8962,69.252,87.53,48,62,13.06,broken clouds
574,Coihaique,CL,-45.5752,-72.0662,36.21,100,100,1.79,overcast clouds
575,Myitkyina,MM,25.3833,97.4,77.77,92,10,0.83,clear sky
576,Barra Patuca,HN,15.8,-84.2833,82.81,80,24,11.61,few clouds
577,Shenjiamen,CN,29.9576,122.298,78.82,89,90,4.5,overcast clouds
578,Plum,US,40.5004,-79.7495,82.85,55,81,1.01,broken clouds
579,Banda Aceh,ID,5.5577,95.3222,81.5,79,100,14.58,overcast clouds
580,Hovd,MN,48.0056,91.6419,71.19,28,97,5.48,overcast clouds
581,Ranfurly,NZ,-45.1333,170.1,30.11,97,100,1.1,overcast clouds
582,Santa Catarina De Tepehuanes,MX,25.35,-105.7333,78.53,38,64,8.39,broken clouds
583,Ponta Delgada,PT,37.7333,-25.6667,75.51,68,75,12.66,broken clouds
584,Oum Hadjer,TD,13.2954,19.6966,95.02,28,67,11.16,broken clouds
585,Edd,ER,13.9297,41.6925,91.63,49,99,5.21,overcast clouds
586,Edinburg,GB,55.9521,-3.1965,76.1,42,0,10.36,clear sky
587,Huaiyin,CN,33.5886,119.0192,78.55,91,41,8.25,scattered clouds
588,Wana,PK,32.2989,69.5725,76.95,66,71,4.63,broken clouds
589,Erenhot,CN,43.6475,111.9767,78.89,24,65,5.77,broken clouds
590,Cayenne,GF,4.9333,-52.3333,82.44,1,0,3.44,light rain
591,Abha,SA,18.2164,42.5053,71.42,37,75,13.8,light rain
592,Klamath Falls,US,42.2249,-121.7817,64.49,69,0,3.0,clear sky
593,Sulmona,IT,42.0479,13.9291,74.21,52,0,7.43,clear sky
594,Hayden,US,47.766,-116.7866,70.48,66,0,6.91,clear sky
595,Tucumcari,US,35.1717,-103.725,84.94,44,0,5.75,clear sky
596,Mayo,US,38.8876,-76.5119,74.39,93,100,10.36,mist
597,Smolenka,RU,52.1352,113.4974,59.07,100,40,4.47,scattered clouds
598,Adre,TD,13.4667,22.2,92.44,22,60,13.22,broken clouds
599,Santa Fe,AR,-31.6333,-60.7,75.97,61,1,8.99,light rain
600,Idaho Falls,US,43.4666,-112.0341,68.56,63,0,3.44,clear sky
601,Kharan,PK,28.5833,65.4167,90.7,49,76,10.16,broken clouds
602,Amahai,ID,-3.3333,128.9167,77.68,89,100,6.08,overcast clouds
603,Cernosice,CZ,49.9601,14.3198,64.87,94,20,6.91,light rain
604,Orlik,RU,52.5178,99.825,48.51,74,80,2.04,broken clouds
605,Bohodukhiv,UA,50.1647,35.5276,73.69,59,56,13.47,broken clouds
606,Havoysund,NO,70.9963,24.6622,52.03,81,91,7.0,overcast clouds
607,Sinnamary,GF,5.3833,-52.95,81.46,81,91,12.84,overcast clouds
608,Raton,US,36.9034,-104.4391,77.34,73,0,0.0,clear sky
609,Kuzhithurai,IN,8.3167,77.1833,80.28,75,100,14.29,light rain
610,Alice Town,BS,25.7167,-79.3,84.09,69,54,10.74,broken clouds
611,Nakhon Luang,TH,14.4628,100.6083,83.14,85,100,8.1,overcast clouds
612,Pozo Colorado,PY,-23.4923,-58.7972,92.73,21,4,16.11,clear sky
613,Dhidhdhoo,MV,6.8833,73.1,81.03,82,100,16.13,light rain
614,Naryan-Mar,RU,67.6713,53.087,63.86,56,49,12.1,scattered clouds
615,Pak Phanang,TH,8.3511,100.202,77.02,78,100,4.65,overcast clouds
616,Chippewa Falls,US,44.9369,-91.3929,75.72,56,75,6.91,broken clouds
617,Ugoofaaru,MV,5.6667,73.0,81.68,77,65,14.54,broken clouds
618,Ankazoabo,MG,-22.2833,44.5167,67.05,44,0,9.71,clear sky
619,Biltine,TD,14.5333,20.9167,96.75,22,5,10.58,clear sky
620,Oktyabrskiy,RU,54.4815,53.471,72.73,70,15,3.0,few clouds
621,Lagoa,PT,39.05,-27.9833,66.87,76,64,10.27,broken clouds
622,Ixtapa,MX,20.7,-105.2,84.22,78,40,1.99,scattered clouds
623,Matale,LK,7.4721,80.6234,74.26,85,100,8.16,overcast clouds
624,Rosetta,EG,31.4044,30.4164,80.98,70,0,12.95,clear sky
625,Peachland,CA,49.7665,-119.7357,69.67,59,58,1.99,broken clouds
626,Pangkalanbuun,ID,-2.6833,111.6167,75.22,90,100,2.75,overcast clouds
627,Betare Oya,CM,5.6,14.0833,74.64,91,85,2.91,moderate rain
628,Lagunas,PE,-5.2269,-75.6753,75.96,91,99,1.03,overcast clouds
629,Taunggyi,MM,20.7833,97.0333,65.75,94,98,2.57,overcast clouds
630,San Ignacio,BZ,17.1561,-89.0714,80.74,83,40,0.0,scattered clouds
631,Baykit,RU,61.67,96.37,63.91,60,100,1.59,overcast clouds
632,Kichera,RU,55.9375,110.0997,55.56,96,99,1.74,moderate rain
633,Chaman,PK,30.9236,66.4512,87.03,37,72,14.14,broken clouds
634,Kathmandu,NP,27.7167,85.3167,71.82,94,75,2.3,broken clouds
635,Faya,SA,18.3851,42.4509,71.71,39,99,7.02,overcast clouds
636,Bismarck,US,46.8083,-100.7837,66.04,94,100,10.36,heavy intensity rain
637,Pimentel,PE,-6.8367,-79.9342,66.49,72,75,16.11,broken clouds
638,Bahia Blanca,AR,-38.7196,-62.2724,55.72,51,0,3.27,clear sky
639,San Ramon,US,37.7799,-121.978,68.38,81,0,8.05,clear sky
640,Vestmannaeyjar,IS,63.4427,-20.2734,50.99,100,100,25.32,fog
641,Sinegorsk,RU,47.1667,142.5,53.94,82,100,2.82,overcast clouds
642,Maniitsoq,GL,65.4167,-52.9,42.24,89,100,9.48,overcast clouds
643,Canutama,BR,-6.5339,-64.3831,92.82,40,33,6.04,scattered clouds
644,Bogo,PH,11.0517,124.0055,78.66,88,100,2.37,overcast clouds
645,Bathsheba,BB,13.2167,-59.5167,86.61,84,40,24.16,scattered clouds
646,Seymchan,RU,62.8833,152.4333,47.75,85,3,7.65,clear sky
647,Kautokeino,NO,69.0125,23.0412,59.29,53,86,2.75,overcast clouds
648,Portland,US,45.5234,-122.6762,68.61,73,75,5.75,broken clouds
649,Rossland,CA,49.0831,-117.8022,64.9,69,1,1.01,clear sky
650,Liberal,US,37.0431,-100.921,84.34,51,0,4.61,clear sky
651,Coihueco,CL,-36.6167,-71.8333,47.14,93,100,19.57,moderate rain
652,Jesup,US,31.6074,-81.8854,88.95,70,75,4.61,broken clouds
653,Black Forest,US,39.0131,-104.7008,85.05,31,0,5.75,clear sky
654,Terney,RU,45.0503,136.6092,62.04,92,68,3.53,broken clouds
655,Sakakah,SA,29.9697,40.2064,103.57,6,0,13.73,clear sky
656,Salta,AR,-24.7859,-65.4117,66.79,48,40,3.44,scattered clouds
657,Springbok,ZA,-29.6643,17.8865,51.4,80,19,16.62,few clouds
658,Leshukonskoye,RU,64.8989,45.7622,65.82,53,100,1.48,overcast clouds
659,Moose Factory,CA,51.2585,-80.6094,60.8,55,0,8.05,clear sky
660,Chemainus,CA,48.9163,-123.7194,64.51,87,100,2.3,overcast clouds
661,Kungurtug,RU,50.5994,97.5228,51.94,73,92,2.24,overcast clouds
662,Howard Springs,AU,-12.497,131.047,66.11,81,84,7.54,broken clouds
663,Meiganga,CM,6.5167,14.3,71.42,92,100,1.92,light rain
664,Rawa Mazowiecka,PL,51.7644,20.2549,67.55,60,100,13.94,overcast clouds
665,Sioux Lookout,CA,50.1001,-91.917,73.47,56,40,5.75,scattered clouds
666,Upington,ZA,-28.4478,21.2561,79.18,18,0,13.8,clear sky
667,Kieta,PG,-6.2167,155.6333,78.13,80,44,6.87,scattered clouds
668,Mehamn,NO,71.0357,27.8492,55.35,82,100,4.61,overcast clouds
669,Nagato,JP,34.3833,131.2,76.91,94,18,5.08,few clouds
670,Haapiti,PF,-17.5667,-149.8667,74.93,74,88,20.29,overcast clouds
671,Mogadishu,SO,2.0371,45.3438,75.63,81,3,19.3,clear sky
672,Carballo,ES,43.213,-8.691,98.02,48,0,4.12,clear sky
673,Tiznit,MA,29.5833,-9.5,98.89,16,69,11.5,broken clouds
674,Iroquois Falls,CA,48.7669,-80.6831,67.64,51,41,6.78,scattered clouds
